Position P,Velocity P,Frequency (Hz),Velocity Cutoff (Hz),Battery,Battery Voltage,Temperature,Start Angle,Shoot Angle,Velocity,Acceleration,Distance (m),Max Height (m),Trajectory Points,Timestamp,Trajectory Data
15,60,1000,500,dog,25.0,Medium,0.0,45.8366234,85.0,1750,8.8,,59,2025-05-25 20:13:55,"[[54, 319], [53, 319], [54, 319], [54, 319], [53, 319], [54, 319], [54, 319], [55, 319], [54, 319], [54, 319], [55, 319], [54, 319], [54, 319], [54, 319], [54, 319], [53, 319], [54, 319], [53, 319], [55, 319], [53, 319], [53, 319], [53, 319], [54, 319], [55, 319], [54, 319], [54, 319], [54, 319], [55, 319], [54, 319], [55, 319], [53, 319], [53, 319], [55, 319], [54, 319], [54, 319], [53, 319], [54, 319], [54, 314], [59, 305], [101, 271], [110, 263], [125, 255], [151, 241], [164, 235], [215, 213], [253, 203], [265, 201], [173, 114], [172, 115], [526, 312], [551, 332], [555, 323], [571, 300], [577, 293], [581, 287], [586, 280], [597, 271], [601, 268], [605, 264]]"
15,60,1000,500,dog ,25.0,Medium,0.0,40.1070456,110.0,2700,5.7,,75,2025-05-25 20:49:43,"[[21, 323], [22, 323], [21, 324], [21, 323], [23, 323], [20, 323], [21, 323], [21, 324], [21, 324], [21, 324], [21, 324], [22, 323], [21, 323], [21, 324], [21, 324], [21, 323], [20, 323], [21, 316], [58, 272], [70, 261], [79, 253], [86, 245], [106, 230], [115, 224], [124, 218], [132, 213], [142, 209], [159, 203], [168, 201], [177, 198], [185, 197], [193, 196], [209, 195], [217, 196], [225, 195], [234, 198], [243, 201], [251, 203], [302, 238], [308, 244], [339, 278], [347, 288], [355, 299], [361, 308], [367, 318], [383, 340], [392, 320], [395, 311], [405, 295], [408, 287], [413, 280], [422, 268], [425, 262], [438, 252], [442, 248], [447, 246], [451, 244], [455, 243], [469, 245], [472, 246], [476, 248], [479, 249], [482, 251], [486, 255], [503, 275], [507, 280], [511, 286], [515, 293], [519, 301], [533, 336], [541, 322], [545, 315], [549, 308], [553, 302], [557, 297]]"
15,60,1000,500,dog ,25.0,Medium,0.0,40.1070456,150.0,3500,6.2,,69,2025-05-25 20:52:34,"[[23, 322], [23, 322], [23, 322], [24, 322], [23, 322], [24, 322], [23, 322], [24, 322], [24, 322], [23, 322], [24, 322], [24, 322], [23, 322], [23, 322], [23, 322], [23, 322], [24, 322], [23, 322], [24, 322], [23, 322], [25, 317], [29, 307], [36, 297], [48, 284], [72, 263], [80, 254], [88, 245], [100, 237], [110, 229], [119, 223], [129, 217], [138, 211], [148, 206], [157, 202], [167, 197], [176, 193], [194, 190], [203, 189], [212, 188], [221, 188], [229, 188], [239, 190], [248, 191], [256, 193], [265, 196], [275, 199], [283, 203], [291, 207], [301, 212], [309, 218], [318, 224], [326, 231], [334, 238], [342, 246], [350, 255], [358, 264], [368, 273], [375, 283], [389, 305], [397, 316], [405, 328], [413, 339], [418, 332], [423, 323], [427, 313], [432, 303], [437, 295], [441, 287], [445, 280]]"
15,60,1000,500,dog ,25.0,Medium,0.0,40.1070456,150.0,3500,6.4,,51,2025-05-25 20:53:50,"[[23, 321], [23, 323], [23, 323], [23, 323], [23, 323], [25, 322], [23, 323], [23, 322], [23, 323], [23, 323], [23, 323], [24, 323], [24, 323], [22, 323], [25, 321], [24, 321], [22, 322], [22, 323], [23, 323], [26, 322], [23, 323], [23, 323], [24, 323], [23, 323], [23, 323], [24, 323], [23, 323], [24, 322], [22, 322], [23, 322], [24, 316], [33, 306], [37, 295], [74, 263], [83, 255], [92, 247], [103, 239], [114, 233], [124, 226], [135, 221], [473, 272], [477, 268], [494, 257], [500, 254], [505, 252], [511, 249], [530, 251], [536, 251], [565, 272], [571, 276], [606, 327]]"
15,60,1000,500,dog ,25.0,Medium,0.0,40.1070456,150.0,3500,6.3,,29,2025-05-25 20:54:24,"[[25, 323], [24, 323], [23, 323], [24, 323], [23, 323], [23, 323], [24, 323], [24, 323], [23, 323], [23, 323], [24, 323], [24, 323], [25, 323], [25, 323], [24, 323], [25, 323], [23, 323], [23, 323], [24, 323], [24, 323], [24, 323], [24, 322], [24, 320], [30, 310], [393, 309], [468, 259], [473, 253], [482, 249], [537, 259]]"
15,60,1000,500,dog ,25.0,Medium,0.0,40.1070456,150.0,3500,6.35,,75,2025-05-25 20:54:59,"[[24, 322], [23, 322], [24, 322], [24, 322], [23, 322], [24, 322], [23, 322], [23, 322], [24, 322], [24, 322], [24, 322], [24, 322], [23, 322], [23, 322], [24, 322], [24, 322], [23, 322], [23, 322], [24, 322], [23, 322], [24, 322], [24, 316], [28, 307], [36, 296], [49, 284], [58, 274], [72, 263], [81, 254], [89, 246], [100, 237], [111, 230], [131, 217], [141, 211], [150, 207], [160, 203], [172, 198], [180, 195], [190, 193], [200, 191], [210, 190], [219, 190], [228, 190], [237, 191], [247, 193], [256, 194], [265, 196], [275, 199], [283, 202], [301, 210], [310, 216], [319, 221], [328, 227], [336, 234], [345, 241], [354, 249], [362, 258], [371, 267], [378, 275], [388, 286], [395, 295], [412, 318], [428, 339], [434, 330], [439, 321], [444, 311], [449, 303], [454, 295], [459, 287], [465, 280], [470, 274], [476, 270], [480, 266], [484, 261], [490, 256], [495, 253]]"
15,60,1000,500,dog ,25.0,Medium,0.0,40.1070456,150.0,3500,6.4,,48,2025-05-25 20:55:54,"[[24, 322], [25, 322], [24, 322], [24, 322], [24, 322], [25, 322], [24, 322], [25, 322], [24, 322], [24, 322], [24, 322], [25, 322], [25, 322], [24, 322], [24, 322], [25, 322], [24, 322], [24, 320], [26, 311], [34, 301], [44, 291], [55, 278], [69, 268], [78, 259], [85, 251], [98, 242], [108, 235], [119, 228], [138, 217], [148, 212], [185, 198], [194, 197], [204, 195], [212, 194], [222, 193], [398, 310], [406, 320], [421, 340], [425, 329], [430, 319], [435, 310], [439, 301], [444, 293], [462, 269], [465, 263], [470, 258], [475, 255], [478, 254]]"
15,60,1000,500,dog ,25.0,Medium,0.0,40.1070456,150.0,3500,6.4,,84,2025-05-25 20:56:27,"[[23, 322], [23, 322], [23, 322], [23, 322], [23, 322], [23, 322], [23, 322], [23, 322], [24, 322], [23, 322], [23, 322], [23, 322], [23, 322], [23, 322], [23, 322], [23, 322], [23, 322], [23, 322], [23, 322], [23, 322], [23, 322], [22, 322], [23, 322], [23, 322], [24, 322], [23, 322], [24, 322], [23, 322], [24, 322], [23, 322], [22, 319], [26, 311], [35, 301], [44, 291], [56, 279], [69, 268], [78, 260], [86, 252], [99, 244], [110, 237], [120, 231], [130, 224], [140, 219], [149, 213], [160, 210], [169, 207], [180, 203], [190, 201], [200, 199], [210, 199], [219, 199], [228, 199], [247, 201], [256, 203], [267, 206], [275, 209], [285, 212], [295, 217], [303, 221], [313, 227], [322, 233], [331, 239], [340, 246], [349, 254], [358, 262], [367, 271], [376, 280], [396, 301], [401, 310], [418, 333], [425, 339], [431, 329], [441, 310], [445, 300], [451, 293], [456, 286], [460, 278], [466, 271], [472, 266], [476, 262], [480, 258], [484, 254], [490, 251], [495, 248]]"
15,60,1000,500,dog ,25.0,Medium,0.0,40.1070456,150.0,3500,6.3,,85,2025-05-25 20:56:58,"[[22, 322], [23, 322], [24, 322], [24, 322], [23, 322], [23, 322], [23, 322], [23, 322], [23, 322], [23, 322], [23, 322], [23, 322], [23, 322], [23, 322], [23, 322], [23, 321], [24, 321], [23, 321], [23, 322], [23, 322], [23, 322], [23, 322], [23, 322], [24, 322], [24, 322], [23, 322], [24, 322], [23, 322], [23, 322], [23, 322], [23, 321], [24, 316], [29, 307], [38, 296], [48, 283], [58, 272], [71, 261], [79, 253], [86, 244], [99, 235], [108, 228], [118, 221], [128, 215], [137, 209], [147, 205], [156, 201], [166, 196], [175, 192], [184, 191], [194, 189], [212, 187], [220, 187], [229, 188], [238, 190], [247, 192], [255, 194], [265, 196], [273, 199], [282, 203], [291, 208], [299, 213], [308, 219], [316, 226], [324, 232], [332, 239], [341, 247], [349, 256], [357, 266], [366, 274], [395, 316], [404, 329], [411, 339], [415, 330], [420, 320], [424, 311], [428, 302], [433, 293], [438, 286], [443, 279], [447, 272], [451, 267], [456, 261], [461, 257], [465, 253], [468, 249]]"
15,60,1000,500,dog ,25.0,Medium,0.0,40.1070456,150.0,3500,6.4,,68,2025-05-25 20:57:57,"[[24, 322], [23, 322], [24, 323], [23, 323], [24, 322], [24, 323], [24, 322], [23, 323], [23, 322], [25, 323], [23, 323], [24, 323], [24, 322], [24, 323], [23, 323], [23, 322], [24, 322], [24, 322], [23, 323], [23, 322], [23, 323], [23, 323], [24, 323], [24, 322], [24, 323], [24, 323], [23, 323], [24, 322], [24, 322], [24, 323], [24, 323], [23, 323], [23, 322], [33, 302], [41, 293], [52, 280], [62, 270], [75, 259], [83, 250], [92, 242], [103, 234], [112, 226], [123, 220], [132, 214], [141, 209], [178, 193], [196, 188], [206, 188], [278, 198], [288, 203], [314, 219], [340, 240], [366, 266], [373, 276], [399, 308], [404, 318], [420, 340], [425, 330], [429, 319], [443, 292], [448, 286], [458, 272], [465, 260], [469, 256], [474, 252], [478, 247], [484, 245], [488, 244]]"
15,60,1000,500,dog ,25.0,Medium,0.0,40.1070456,150.0,3500,6.4,,91,2025-05-25 20:58:26,"[[24, 322], [24, 322], [24, 322], [24, 323], [24, 322], [24, 322], [24, 322], [24, 322], [23, 322], [24, 322], [24, 323], [24, 323], [25, 322], [24, 318], [29, 308], [35, 298], [47, 287], [57, 275], [68, 264], [78, 255], [86, 247], [99, 238], [108, 231], [118, 224], [138, 212], [147, 207], [156, 203], [177, 195], [186, 192], [195, 191], [204, 190], [213, 189], [222, 189], [231, 190], [240, 192], [249, 194], [259, 195], [268, 198], [277, 201], [285, 204], [303, 214], [311, 219], [320, 226], [328, 232], [337, 239], [346, 247], [354, 255], [403, 314], [412, 326], [420, 338], [425, 334], [435, 314], [439, 305], [444, 297], [449, 289], [454, 282], [459, 275], [468, 265], [473, 261], [476, 257], [481, 253], [487, 250], [491, 248], [495, 246], [501, 245], [506, 244], [509, 245], [519, 246], [523, 248], [527, 250], [530, 253], [535, 256], [540, 260], [545, 264], [549, 269], [554, 274], [565, 294], [570, 301], [573, 308], [579, 317], [587, 335], [595, 322], [599, 315], [603, 308], [607, 301], [612, 296], [616, 291], [621, 287], [625, 283], [628, 280], [633, 276]]"
15,60,1000,500,dog ,25.0,Medium,0.0,40.1070456,150.0,3500,6.2,,57,2025-05-25 20:59:11,"[[23, 323], [22, 323], [23, 323], [23, 323], [22, 323], [22, 323], [23, 323], [22, 323], [22, 323], [23, 323], [22, 323], [22, 323], [22, 323], [22, 323], [22, 323], [23, 323], [23, 322], [22, 323], [22, 322], [24, 316], [31, 307], [40, 294], [51, 283], [62, 272], [74, 263], [82, 254], [122, 223], [132, 217], [143, 212], [153, 207], [163, 205], [173, 201], [182, 198], [192, 196], [200, 195], [210, 194], [219, 194], [228, 195], [237, 196], [246, 198], [255, 200], [264, 202], [273, 205], [282, 209], [290, 214], [299, 219], [326, 236], [342, 251], [350, 259], [377, 287], [386, 298], [392, 308], [398, 318], [415, 339], [420, 330], [429, 310], [438, 293]]"
15,60,1000,500,dog ,24.6,Medium,0.0,40.1070456,150.0,3500,6.45,,70,2025-05-25 21:02:01,"[[21, 322], [20, 322], [20, 323], [19, 323], [21, 322], [21, 323], [21, 323], [22, 323], [23, 323], [23, 322], [21, 323], [22, 322], [22, 322], [20, 323], [21, 323], [22, 322], [22, 322], [21, 323], [22, 322], [22, 323], [21, 323], [22, 323], [22, 323], [22, 323], [22, 322], [21, 323], [20, 323], [22, 323], [22, 323], [20, 323], [21, 323], [22, 322], [21, 323], [22, 323], [22, 323], [22, 323], [21, 322], [21, 323], [22, 322], [20, 323], [20, 323], [22, 323], [21, 323], [22, 323], [20, 322], [22, 315], [29, 305], [38, 294], [61, 271], [74, 261], [83, 254], [93, 246], [105, 239], [115, 233], [124, 226], [133, 219], [154, 211], [164, 208], [174, 205], [183, 204], [191, 201], [201, 200], [210, 200], [219, 199], [228, 199], [256, 203], [266, 206], [284, 213], [418, 335], [423, 323]]"
15,60,1000,500,dog,24.5,Medium,0.0,40.1070456,150.0,3500,6.5,,90,2025-05-25 21:13:57,"[[24, 321], [23, 321], [24, 321], [24, 321], [24, 321], [23, 322], [24, 321], [23, 321], [24, 321], [24, 321], [24, 321], [24, 321], [23, 321], [23, 321], [24, 321], [24, 321], [24, 321], [23, 321], [24, 321], [24, 321], [22, 321], [24, 321], [24, 322], [25, 321], [24, 321], [23, 321], [24, 321], [23, 321], [23, 321], [24, 321], [24, 321], [24, 321], [23, 321], [23, 321], [25, 321], [24, 321], [24, 321], [24, 322], [25, 321], [24, 321], [24, 321], [24, 321], [24, 321], [24, 321], [24, 321], [24, 321], [24, 321], [24, 321], [24, 322], [23, 321], [24, 322], [23, 321], [24, 321], [24, 322], [23, 321], [24, 321], [23, 321], [24, 321], [24, 321], [24, 321], [24, 321], [25, 321], [24, 321], [24, 322], [24, 321], [23, 322], [23, 321], [24, 321], [23, 321], [25, 321], [24, 321], [24, 321], [24, 321], [25, 312], [33, 301], [44, 290], [55, 279], [67, 268], [77, 259], [85, 251], [107, 236], [116, 229], [126, 222], [401, 307], [407, 314], [415, 326], [425, 339], [489, 256], [500, 248], [529, 243]]"
15,60,1000,500,dog,24.5,Medium,0.0,40.1070456,150.0,3500,6.83,,82,2025-05-25 23:13:22,"[[33, 320], [32, 321], [33, 320], [32, 321], [33, 320], [33, 321], [32, 321], [32, 320], [32, 320], [32, 320], [33, 320], [32, 321], [33, 320], [33, 320], [32, 320], [33, 317], [36, 309], [46, 297], [57, 286], [69, 277], [80, 267], [94, 257], [103, 250], [126, 235], [136, 230], [148, 223], [158, 218], [169, 214], [179, 210], [200, 204], [211, 202], [222, 200], [232, 199], [243, 199], [254, 199], [265, 201], [275, 202], [286, 205], [307, 211], [317, 215], [327, 220], [338, 226], [348, 232], [357, 238], [368, 246], [378, 253], [388, 262], [397, 271], [406, 280], [414, 289], [424, 300], [435, 311], [441, 321], [452, 333], [460, 343], [467, 333], [473, 323], [485, 306], [491, 298], [496, 291], [502, 283], [508, 277], [513, 271], [520, 267], [527, 264], [530, 260], [536, 256], [541, 254], [547, 252], [553, 251], [565, 251], [570, 251], [576, 252], [582, 254], [588, 256], [595, 260], [599, 264], [602, 267], [609, 271], [614, 276], [621, 281], [464, 121]]"
15,60,1000,500,dog,24.5,Medium,0.0,40.1070456,150.0,3500,6.9,,90,2025-05-25 23:14:09,"[[32, 320], [32, 320], [32, 320], [31, 320], [32, 320], [31, 320], [31, 320], [31, 320], [32, 320], [31, 320], [32, 320], [32, 320], [31, 320], [32, 320], [32, 320], [32, 320], [32, 320], [32, 320], [32, 320], [32, 320], [32, 320], [32, 320], [32, 320], [32, 320], [32, 320], [32, 314], [50, 291], [62, 280], [75, 270], [90, 261], [109, 246], [121, 238], [133, 231], [144, 225], [155, 220], [167, 216], [177, 213], [188, 209], [198, 205], [208, 202], [220, 201], [230, 200], [242, 200], [253, 200], [264, 200], [286, 203], [382, 251], [393, 261], [401, 268], [411, 276], [421, 286], [433, 298], [441, 306], [449, 317], [461, 329], [479, 340], [486, 330], [497, 312], [503, 303], [510, 296], [516, 288], [523, 281], [531, 272], [532, 271], [534, 271], [538, 272], [542, 275], [554, 285], [556, 285], [555, 285], [554, 285], [554, 286], [556, 285], [555, 285], [552, 281], [552, 280], [553, 280], [553, 280], [553, 279], [553, 280], [554, 285], [553, 287], [553, 289], [553, 294], [552, 299], [553, 304], [553, 310], [553, 315], [554, 320], [552, 330]]"
15,60,1000,500,dog,24.5,Medium,0.0,40.1070456,150.0,3500,6.6,,91,2025-05-25 23:14:52,"[[33, 320], [33, 320], [32, 320], [33, 320], [33, 320], [34, 320], [33, 320], [33, 320], [33, 320], [32, 320], [33, 320], [33, 321], [33, 321], [33, 321], [33, 320], [33, 321], [33, 320], [33, 320], [33, 320], [33, 320], [33, 320], [33, 320], [33, 320], [33, 320], [33, 320], [33, 321], [33, 320], [33, 320], [33, 320], [33, 320], [33, 320], [33, 320], [33, 320], [33, 320], [33, 320], [32, 320], [34, 315], [39, 305], [51, 293], [62, 282], [73, 272], [85, 263], [98, 253], [106, 246], [118, 238], [129, 232], [140, 226], [150, 220], [170, 211], [181, 208], [192, 205], [202, 202], [213, 200], [223, 200], [233, 199], [243, 200], [253, 201], [263, 200], [274, 202], [283, 205], [294, 208], [304, 211], [314, 216], [362, 246], [372, 253], [381, 263], [390, 272], [398, 280], [408, 290], [417, 301], [425, 312], [451, 342], [456, 332], [463, 322], [468, 313], [474, 305], [479, 297], [485, 290], [490, 284], [500, 275], [505, 273], [510, 270], [515, 267], [520, 266], [526, 265], [530, 264], [535, 264], [541, 265], [545, 266], [550, 268], [555, 270]]"
15,60,1000,500,dog,24.5,Medium,0.0,40.1070456,150.0,3500,6.7,,82,2025-05-25 23:15:44,"[[33, 320], [33, 320], [33, 320], [33, 320], [33, 320], [33, 320], [33, 320], [33, 320], [33, 320], [33, 320], [33, 320], [33, 320], [33, 320], [33, 320], [33, 320], [33, 320], [33, 320], [33, 320], [33, 320], [33, 320], [33, 320], [34, 314], [40, 303], [52, 292], [76, 271], [89, 263], [99, 253], [108, 246], [122, 239], [133, 232], [155, 221], [165, 216], [176, 213], [187, 209], [198, 207], [229, 199], [240, 198], [262, 201], [273, 203], [283, 206], [294, 209], [304, 212], [315, 216], [325, 221], [334, 226], [344, 233], [355, 238], [363, 245], [374, 253], [385, 262], [393, 270], [402, 278], [411, 288], [421, 299], [433, 311], [451, 332], [460, 344], [465, 335], [473, 326], [479, 317], [484, 309], [491, 301], [496, 293], [503, 286], [509, 280], [515, 275], [523, 270], [527, 267], [533, 263], [539, 260], [544, 258], [557, 255], [563, 255], [569, 255], [575, 256], [582, 256], [588, 258], [598, 266], [603, 269], [611, 273], [616, 277], [624, 283]]"
15,60,1000,500,dog,24.5,Medium,0.0,40.1070456,150.0,3500,6.6,,71,2025-05-25 23:16:40,"[[33, 320], [34, 320], [34, 320], [34, 320], [34, 320], [34, 320], [34, 320], [34, 320], [33, 320], [33, 320], [34, 320], [34, 320], [34, 320], [34, 320], [34, 320], [34, 320], [34, 320], [33, 320], [34, 320], [34, 320], [34, 320], [34, 320], [34, 320], [34, 320], [34, 320], [33, 320], [34, 320], [34, 320], [34, 320], [34, 320], [34, 320], [34, 320], [33, 320], [34, 320], [34, 320], [34, 320], [34, 320], [34, 320], [34, 320], [34, 320], [34, 320], [34, 316], [40, 306], [50, 293], [61, 282], [73, 272], [84, 262], [96, 254], [105, 246], [114, 238], [135, 223], [146, 218], [207, 194], [218, 193], [228, 192], [238, 192], [290, 200], [300, 203], [389, 265], [397, 274], [406, 285], [414, 294], [422, 304], [431, 316], [442, 329], [449, 340], [455, 341], [461, 330], [465, 320], [471, 311], [476, 302]]"
15,60,1000,500,dog,24.3,Medium,0.0,40.1070456,150.0,3500,6.6,,72,2025-05-25 23:22:22,"[[33, 321], [34, 321], [33, 321], [34, 321], [34, 321], [34, 321], [33, 321], [34, 321], [34, 321], [34, 321], [34, 321], [34, 321], [34, 321], [34, 321], [33, 321], [34, 321], [34, 321], [33, 321], [34, 321], [34, 321], [34, 321], [33, 321], [34, 321], [34, 321], [34, 321], [33, 321], [34, 321], [34, 321], [33, 321], [33, 321], [34, 321], [34, 321], [34, 321], [33, 321], [34, 321], [34, 321], [33, 322], [34, 321], [34, 321], [34, 321], [33, 321], [34, 321], [34, 321], [34, 321], [34, 321], [34, 321], [33, 321], [34, 321], [34, 321], [33, 322], [34, 321], [34, 321], [34, 321], [34, 321], [34, 321], [33, 321], [34, 321], [33, 321], [34, 321], [33, 321], [34, 321], [34, 321], [33, 321], [34, 320], [35, 315], [96, 254], [390, 269], [397, 279], [405, 286], [414, 297], [423, 307], [438, 330]]"
15,60,1000,500,dog,24.3,Medium,0.0,40.1070456,150.0,3500,6.65,,29,2025-05-25 23:23:02,"[[30, 321], [29, 321], [30, 321], [28, 322], [29, 321], [31, 321], [30, 321], [31, 321], [28, 322], [30, 321], [30, 321], [31, 320], [32, 320], [28, 321], [31, 320], [32, 320], [30, 320], [30, 320], [31, 321], [29, 323], [30, 321], [30, 321], [82, 266], [95, 257], [105, 251], [115, 243], [393, 278], [403, 287], [410, 295]]"
15,60,1000,500,dog,24.3,Medium,0.0,40.1070456,150.0,3500,6.6,,34,2025-05-25 23:23:46,"[[29, 322], [29, 322], [29, 322], [29, 322], [29, 322], [29, 322], [30, 321], [29, 322], [31, 321], [29, 322], [29, 322], [29, 322], [29, 322], [30, 321], [98, 248], [107, 241], [116, 235], [128, 229], [139, 222], [150, 217], [161, 213], [171, 209], [193, 203], [203, 201], [213, 199], [223, 198], [233, 198], [392, 267], [398, 275], [407, 283], [416, 295], [428, 308], [434, 316], [471, 307]]"
15,60,1000,500,dog,24.3,Medium,0.0,40.1070456,150.0,3500,6.6,,80,2025-05-25 23:24:24,"[[30, 321], [30, 321], [30, 320], [31, 320], [30, 321], [31, 321], [31, 320], [29, 322], [29, 322], [31, 320], [31, 320], [31, 321], [31, 321], [30, 322], [30, 320], [31, 320], [30, 321], [30, 320], [30, 320], [31, 320], [31, 321], [30, 321], [30, 321], [30, 320], [31, 321], [30, 321], [30, 321], [30, 321], [31, 321], [30, 320], [30, 321], [30, 321], [31, 320], [31, 320], [30, 321], [30, 322], [30, 320], [30, 321], [31, 320], [30, 321], [30, 321], [31, 321], [31, 321], [30, 320], [31, 321], [30, 320], [31, 320], [31, 320], [29, 322], [30, 321], [30, 320], [31, 321], [30, 321], [31, 321], [30, 320], [61, 280], [85, 261], [98, 251], [106, 245], [118, 237], [129, 231], [140, 225], [150, 219], [161, 215], [171, 211], [182, 208], [193, 205], [203, 202], [224, 201], [234, 201], [243, 202], [362, 247], [370, 255], [380, 265], [391, 274], [399, 282], [407, 291], [426, 315], [435, 327], [443, 339]]"
15,60,1000,500,dog,24.3,Medium,0.0,40.1070456,150.0,3500,6.6,,46,2025-05-25 23:25:05,"[[34, 321], [33, 321], [33, 321], [33, 321], [34, 321], [33, 321], [33, 321], [33, 321], [34, 321], [32, 321], [34, 321], [34, 321], [33, 321], [33, 321], [33, 321], [34, 321], [33, 321], [33, 321], [33, 321], [33, 321], [33, 321], [34, 321], [33, 321], [34, 321], [34, 321], [33, 321], [33, 321], [33, 321], [33, 320], [34, 316], [41, 305], [95, 258], [102, 250], [236, 197], [246, 198], [256, 200], [266, 202], [286, 208], [384, 267], [393, 277], [401, 284], [411, 294], [424, 308], [430, 314], [440, 327], [450, 341]]"
15,60,1000,500,dog,24.3,Medium,0.0,40.1070456,150.0,3500,6.4,,42,2025-05-25 23:25:43,"[[34, 320], [34, 320], [33, 320], [34, 320], [34, 320], [34, 320], [34, 320], [34, 320], [35, 320], [35, 320], [34, 320], [34, 320], [34, 320], [34, 320], [33, 320], [34, 320], [34, 320], [34, 320], [35, 314], [40, 304], [52, 292], [63, 281], [74, 271], [85, 262], [98, 253], [105, 247], [117, 239], [128, 232], [389, 286], [395, 295], [404, 306], [412, 316], [430, 341], [435, 338], [441, 328], [445, 317], [467, 286], [473, 279], [478, 273], [483, 266], [503, 254], [509, 251]]"
15,60,1000,500,dog,24.3,Medium,0.0,40.1070456,150.0,3500,6.5,,86,2025-05-25 23:26:12,"[[33, 320], [33, 321], [33, 321], [33, 321], [33, 321], [33, 321], [33, 321], [33, 321], [33, 320], [33, 321], [33, 321], [33, 321], [33, 320], [33, 321], [33, 321], [33, 321], [33, 321], [33, 321], [33, 321], [33, 321], [33, 321], [33, 321], [33, 321], [33, 321], [33, 321], [33, 321], [33, 320], [33, 321], [33, 321], [33, 321], [33, 320], [33, 321], [33, 320], [33, 320], [33, 321], [33, 321], [33, 321], [33, 320], [33, 321], [33, 320], [33, 320], [34, 316], [38, 306], [49, 295], [60, 283], [70, 274], [82, 264], [96, 255], [103, 248], [112, 240], [125, 233], [135, 225], [147, 220], [157, 215], [167, 211], [178, 208], [199, 202], [209, 199], [219, 199], [229, 197], [240, 197], [251, 198], [260, 199], [272, 201], [281, 203], [291, 206], [302, 210], [311, 214], [321, 219], [331, 225], [341, 231], [351, 237], [360, 244], [379, 260], [391, 270], [398, 279], [406, 287], [416, 298], [429, 311], [434, 320], [452, 343], [459, 335], [465, 324], [471, 315], [477, 307], [482, 299]]"
15,60,1000,500,dog,24.3,Medium,0.0,40.1070456,150.0,3500,6.6,,42,2025-05-25 23:26:50,"[[67, 277], [77, 267], [90, 258], [99, 250], [107, 241], [119, 233], [130, 226], [139, 220], [150, 214], [202, 195], [212, 193], [223, 191], [233, 191], [243, 190], [253, 192], [263, 193], [273, 195], [284, 197], [293, 200], [303, 204], [314, 209], [324, 214], [392, 268], [399, 278], [415, 296], [444, 331], [451, 343], [457, 338], [463, 327], [469, 317], [474, 308], [493, 286], [497, 277], [503, 272], [508, 267], [515, 262], [522, 260], [528, 257], [532, 254], [537, 251], [542, 249], [555, 246]]"
15,60,1000,500,dog,24.3,Medium,0.0,40.1070456,150.0,3500,6.6,,67,2025-05-25 23:27:29,"[[33, 320], [33, 320], [33, 321], [33, 321], [33, 321], [33, 321], [33, 321], [33, 321], [33, 321], [33, 321], [33, 321], [32, 321], [33, 321], [33, 321], [33, 320], [33, 321], [33, 321], [33, 320], [33, 321], [33, 321], [33, 321], [32, 321], [33, 321], [32, 321], [33, 321], [33, 321], [33, 321], [32, 320], [34, 315], [39, 304], [50, 292], [61, 281], [85, 262], [97, 254], [105, 247], [116, 239], [127, 232], [211, 196], [222, 196], [232, 195], [243, 196], [253, 197], [263, 199], [273, 200], [283, 203], [293, 206], [303, 211], [323, 220], [333, 226], [342, 232], [351, 240], [361, 247], [370, 254], [380, 264], [391, 275], [397, 282], [406, 290], [417, 303], [426, 313], [435, 325], [443, 339], [451, 341], [457, 331], [475, 304], [487, 288], [493, 280], [500, 273]]"
15,60,1000,500,dog,24.3,Medium,0.0,40.1070456,110.0,3500,2.85,,68,2025-05-25 23:30:03,"[[33, 321], [33, 321], [33, 320], [33, 321], [33, 321], [33, 321], [33, 321], [33, 321], [33, 321], [33, 321], [33, 321], [33, 320], [33, 321], [33, 321], [33, 321], [33, 321], [33, 321], [33, 321], [33, 321], [33, 321], [33, 320], [33, 321], [33, 321], [33, 321], [33, 321], [33, 321], [33, 321], [32, 318], [36, 309], [41, 299], [48, 289], [54, 279], [59, 273], [65, 265], [71, 257], [77, 251], [82, 245], [89, 241], [94, 237], [100, 232], [112, 226], [117, 224], [123, 223], [128, 223], [133, 223], [139, 223], [145, 224], [151, 226], [156, 229], [162, 232], [167, 236], [172, 240], [179, 244], [185, 250], [190, 256], [193, 262], [199, 270], [205, 279], [209, 287], [214, 296], [219, 305], [225, 316], [230, 326], [234, 338], [238, 343], [245, 324], [249, 314], [253, 306]]"
15,60,1000,500,dog,24.3,Medium,0.0,40.1070456,110.0,3500,2.85,,43,2025-05-25 23:30:26,"[[33, 323], [32, 322], [33, 322], [33, 323], [33, 322], [32, 322], [33, 322], [33, 322], [33, 323], [33, 322], [34, 322], [34, 322], [33, 322], [33, 322], [34, 322], [33, 322], [33, 323], [31, 323], [33, 323], [33, 323], [34, 322], [32, 319], [38, 310], [43, 298], [59, 272], [67, 264], [78, 252], [133, 223], [139, 225], [145, 227], [149, 228], [154, 232], [182, 250], [188, 257], [193, 264], [202, 276], [206, 283], [213, 295], [219, 295], [234, 320], [238, 333], [245, 342], [251, 335]]"
15,60,1000,500,dog,24.3,Medium,0.0,40.1070456,110.0,3500,2.85,,65,2025-05-25 23:31:00,"[[32, 322], [32, 322], [32, 322], [32, 322], [32, 322], [32, 322], [32, 322], [32, 322], [32, 322], [32, 322], [32, 322], [32, 322], [32, 322], [32, 322], [32, 322], [32, 322], [32, 322], [32, 322], [32, 322], [32, 322], [32, 322], [32, 322], [32, 322], [32, 322], [32, 322], [32, 322], [32, 322], [32, 318], [37, 309], [42, 299], [49, 289], [61, 272], [67, 265], [73, 258], [79, 252], [85, 246], [91, 241], [97, 238], [102, 234], [108, 230], [114, 228], [120, 226], [126, 225], [131, 224], [137, 224], [143, 226], [148, 227], [154, 229], [159, 232], [171, 238], [177, 243], [183, 248], [187, 253], [192, 259], [198, 266], [203, 274], [209, 282], [215, 292], [219, 299], [225, 309], [231, 320], [237, 331], [242, 341], [246, 339], [251, 332]]"
15,60,1000,500,dog,24.3,Medium,0.0,40.1070456,110.0,3500,2.85,,45,2025-05-25 23:31:34,"[[29, 322], [30, 322], [30, 322], [30, 322], [29, 322], [30, 322], [30, 322], [29, 322], [30, 322], [30, 322], [30, 322], [30, 322], [29, 322], [30, 322], [30, 322], [29, 322], [30, 322], [32, 321], [31, 313], [38, 303], [44, 293], [49, 282], [55, 275], [61, 267], [67, 259], [74, 253], [79, 247], [85, 241], [91, 237], [97, 234], [103, 230], [107, 227], [113, 225], [119, 224], [129, 222], [134, 222], [139, 223], [144, 224], [150, 226], [155, 229], [160, 233], [165, 236], [171, 241], [176, 246], [182, 251]]"
15,60,1000,500,dog,24.3,Medium,0.0,40.1070456,110.0,3500,2.85,,90,2025-05-25 23:32:08,"[[32, 322], [32, 322], [32, 322], [33, 322], [32, 322], [32, 322], [32, 322], [32, 322], [33, 322], [33, 322], [32, 322], [33, 322], [33, 322], [32, 322], [32, 322], [33, 322], [32, 322], [33, 322], [32, 322], [33, 322], [32, 322], [32, 322], [32, 322], [33, 322], [33, 322], [32, 322], [32, 322], [33, 322], [32, 322], [32, 322], [33, 322], [32, 322], [32, 322], [32, 322], [32, 322], [32, 322], [32, 322], [33, 322], [32, 322], [33, 322], [33, 322], [32, 322], [32, 322], [33, 322], [32, 322], [32, 322], [32, 322], [33, 322], [33, 321], [33, 317], [37, 308], [43, 298], [49, 288], [54, 279], [60, 272], [65, 265], [70, 257], [75, 250], [81, 244], [86, 239], [92, 234], [98, 231], [104, 227], [110, 225], [117, 223], [123, 222], [129, 221], [140, 223], [145, 224], [150, 226], [155, 229], [161, 232], [165, 236], [171, 240], [176, 246], [181, 251], [187, 258], [190, 263], [195, 269], [202, 279], [207, 287], [212, 295], [217, 304], [224, 314], [236, 337], [239, 342], [242, 335], [247, 327], [252, 320], [255, 314]]"
15,60,1000,500,dog,24.1,Medium,0.0,40.1070456,130.0,3500,4.4,,48,2025-05-25 23:42:28,"[[32, 322], [33, 322], [32, 322], [32, 322], [32, 322], [32, 322], [33, 322], [32, 322], [32, 322], [33, 322], [32, 322], [32, 322], [32, 322], [33, 322], [32, 322], [33, 322], [33, 322], [32, 322], [32, 322], [33, 322], [32, 321], [32, 322], [33, 322], [33, 322], [32, 322], [32, 322], [32, 319], [35, 312], [43, 301], [51, 290], [59, 280], [66, 270], [75, 262], [174, 204], [181, 203], [189, 204], [195, 205], [202, 207], [209, 210], [215, 214], [223, 218], [255, 245], [298, 296], [305, 306], [312, 317], [324, 342], [330, 339], [336, 329]]"
15,60,1000,500,dog,24.1,Medium,0.0,40.1070456,130.0,3500,4.45,,50,2025-05-25 23:43:11,"[[30, 321], [30, 321], [30, 321], [30, 321], [30, 321], [30, 321], [31, 321], [30, 321], [30, 321], [30, 321], [30, 321], [30, 321], [30, 321], [30, 321], [31, 321], [30, 321], [30, 321], [30, 321], [31, 321], [30, 321], [31, 319], [43, 300], [51, 289], [59, 278], [68, 270], [82, 251], [94, 244], [101, 239], [108, 232], [116, 227], [123, 222], [130, 217], [146, 211], [216, 209], [232, 217], [240, 221], [253, 232], [262, 239], [269, 245], [276, 253], [282, 261], [289, 269], [296, 279], [303, 288], [309, 299], [316, 309], [325, 320], [330, 330], [337, 343], [342, 337]]"
15,60,1000,500,dog,24.1,Medium,0.0,40.1070456,130.0,3500,4.5,,25,2025-05-25 23:43:40,"[[33, 322], [30, 323], [31, 323], [32, 322], [32, 322], [32, 322], [31, 323], [32, 322], [31, 323], [31, 323], [32, 323], [32, 322], [29, 323], [32, 322], [31, 323], [31, 322], [31, 323], [33, 322], [31, 322], [32, 320], [125, 216], [134, 212], [142, 209], [150, 206], [329, 315]]"
15,60,1000,500,dog,24.1,Medium,0.0,40.1070456,130.0,3500,4.55,,5,2025-05-25 23:44:42,"[[112, 227], [120, 223], [136, 216], [143, 213], [151, 210]]"
15,60,1000,500,dog,24.1,Medium,0.0,40.1070456,130.0,3500,4.55,,63,2025-05-25 23:45:05,"[[32, 322], [32, 322], [32, 322], [32, 322], [32, 322], [32, 322], [32, 322], [32, 322], [32, 322], [32, 322], [32, 322], [32, 322], [32, 322], [32, 322], [32, 322], [32, 322], [32, 322], [32, 322], [32, 322], [32, 322], [32, 317], [37, 308], [44, 297], [52, 286], [68, 266], [77, 258], [85, 249], [93, 242], [100, 237], [109, 229], [117, 224], [125, 219], [133, 214], [141, 211], [149, 208], [157, 206], [164, 205], [172, 204], [180, 204], [188, 204], [196, 204], [202, 205], [210, 208], [218, 210], [225, 214], [232, 218], [247, 227], [254, 234], [262, 241], [269, 246], [276, 253], [283, 262], [291, 270], [299, 280], [305, 290], [313, 300], [320, 311], [327, 323], [335, 335], [341, 346], [346, 337], [351, 328], [359, 319]]"
15,60,1000,500,dog,24.1,Medium,0.0,40.1070456,130.0,3500,4.55,,46,2025-05-25 23:45:36,"[[32, 321], [32, 321], [33, 321], [33, 321], [33, 321], [32, 321], [32, 321], [32, 321], [32, 321], [32, 321], [32, 321], [32, 321], [35, 312], [42, 301], [50, 290], [58, 279], [67, 270], [75, 262], [97, 240], [129, 215], [137, 211], [145, 208], [154, 205], [162, 204], [170, 204], [178, 204], [185, 204], [193, 204], [200, 205], [214, 210], [222, 214], [229, 218], [235, 222], [243, 227], [250, 234], [257, 240], [263, 244], [271, 250], [279, 260], [286, 268], [293, 277], [300, 287], [308, 297], [315, 307], [324, 319], [331, 331]]"
15,60,1000,500,dog,24.1,Medium,0.0,40.1070456,130.0,3500,4.55,,76,2025-05-25 23:46:10,"[[32, 322], [32, 322], [32, 322], [32, 322], [32, 322], [32, 322], [32, 322], [32, 322], [32, 322], [32, 322], [32, 322], [32, 322], [32, 322], [32, 322], [32, 322], [32, 321], [33, 316], [38, 306], [46, 295], [54, 285], [60, 274], [69, 265], [77, 256], [86, 248], [94, 241], [102, 235], [110, 229], [118, 223], [126, 219], [134, 215], [141, 211], [156, 207], [164, 206], [171, 205], [179, 205], [186, 205], [194, 205], [201, 207], [208, 209], [215, 212], [223, 215], [230, 219], [237, 223], [245, 229], [253, 237], [260, 242], [267, 247], [273, 256], [281, 264], [288, 274], [302, 294], [308, 303], [315, 315], [322, 327], [331, 339], [335, 343], [339, 332], [344, 322], [349, 313], [354, 305], [361, 297], [364, 291], [369, 283], [374, 277], [378, 271], [384, 266], [390, 262], [393, 258], [402, 254], [407, 252], [411, 251], [417, 251], [421, 250], [426, 251], [431, 252], [436, 254]]"
15,60,1000,500,dog,24.1,Medium,0.0,40.1070456,140.0,3500,5.45,,37,2025-05-25 23:47:53,"[[29, 322], [29, 322], [30, 322], [30, 322], [30, 323], [29, 322], [30, 322], [30, 322], [30, 322], [30, 323], [29, 323], [30, 322], [30, 323], [30, 319], [59, 277], [98, 243], [108, 234], [119, 228], [128, 222], [138, 218], [147, 214], [199, 199], [207, 200], [216, 202], [232, 203], [240, 205], [258, 211], [266, 215], [307, 244], [317, 251], [326, 261], [360, 301], [368, 311], [378, 325], [383, 336], [391, 346], [396, 335]]"
15,60,1000,500,dog,24.1,Medium,0.0,40.1070456,140.0,3500,5.45,,49,2025-05-25 23:48:33,"[[33, 322], [32, 322], [33, 322], [34, 322], [30, 322], [33, 322], [33, 322], [33, 322], [33, 322], [33, 322], [34, 322], [32, 322], [32, 322], [32, 320], [38, 311], [63, 275], [73, 266], [83, 258], [94, 249], [103, 243], [112, 236], [121, 229], [130, 224], [140, 220], [148, 215], [158, 212], [168, 209], [177, 208], [185, 207], [202, 204], [211, 203], [228, 207], [237, 209], [282, 226], [290, 231], [299, 239], [308, 246], [316, 252], [324, 260], [331, 269], [339, 279], [358, 299], [367, 309], [373, 319], [382, 334], [387, 345], [405, 318], [410, 309], [416, 300]]"
15,60,1000,500,dog,24.1,Medium,0.0,40.1070456,140.0,3500,5.5,,50,2025-05-25 23:49:38,"[[30, 321], [30, 321], [30, 321], [31, 319], [30, 321], [31, 319], [31, 321], [28, 322], [28, 322], [30, 321], [30, 321], [30, 321], [30, 321], [30, 321], [29, 322], [30, 320], [32, 313], [52, 290], [60, 279], [71, 271], [81, 262], [93, 252], [100, 246], [109, 238], [118, 232], [128, 227], [135, 221], [144, 217], [153, 213], [162, 209], [198, 203], [225, 201], [234, 204], [244, 208], [252, 211], [261, 215], [278, 225], [315, 248], [323, 257], [329, 265], [346, 284], [354, 295], [365, 305], [371, 316], [379, 326], [386, 339], [393, 342], [400, 332], [406, 322], [411, 313]]"
15,60,1000,500,dog,24.1,Medium,0.0,40.1070456,140.0,3500,5.5,,9,2025-05-25 23:51:30,"[[36, 322], [36, 322], [33, 322], [36, 321], [34, 319], [40, 309], [98, 244], [107, 237], [409, 310]]"
15,60,1000,500,dog,24.1,Medium,0.0,40.1070456,140.0,3500,5.5,,64,2025-05-25 23:52:01,"[[32, 321], [32, 320], [32, 321], [32, 321], [32, 321], [32, 321], [32, 321], [32, 321], [32, 321], [32, 321], [31, 321], [31, 321], [32, 321], [32, 321], [32, 321], [32, 321], [32, 321], [32, 321], [32, 321], [32, 321], [32, 321], [32, 321], [32, 321], [31, 320], [33, 315], [40, 304], [58, 282], [68, 272], [78, 263], [89, 254], [98, 246], [105, 241], [115, 233], [124, 227], [132, 222], [141, 217], [151, 213], [159, 210], [168, 207], [196, 201], [204, 200], [213, 201], [231, 203], [240, 205], [250, 208], [258, 212], [267, 216], [276, 220], [285, 226], [293, 232], [303, 240], [312, 246], [319, 253], [326, 261], [336, 271], [344, 280], [353, 290], [361, 300], [369, 311], [378, 323], [386, 335], [393, 344], [411, 333], [420, 328]]"
15,60,1000,500,dog,23.9,Medium,0.0,40.1070456,140.0,3000,7.4,,57,2025-05-25 23:55:37,"[[32, 321], [32, 321], [32, 321], [32, 321], [32, 321], [32, 321], [32, 321], [32, 321], [32, 321], [32, 321], [32, 321], [32, 321], [32, 321], [32, 321], [32, 321], [32, 321], [32, 321], [32, 321], [32, 321], [32, 321], [32, 321], [32, 321], [32, 321], [32, 321], [32, 321], [32, 319], [34, 312], [42, 301], [55, 289], [67, 278], [79, 269], [93, 260], [101, 253], [113, 242], [247, 195], [259, 195], [272, 196], [283, 197], [295, 199], [305, 201], [316, 204], [328, 208], [340, 211], [350, 217], [361, 221], [372, 228], [382, 235], [393, 242], [405, 250], [412, 257], [424, 265], [436, 275], [446, 284], [476, 316], [497, 341], [505, 341], [513, 331]]"
15,60,1000,500,dog,23.9,Medium,0.0,40.1070456,140.0,3000,7.4,,37,2025-05-25 23:56:03,"[[35, 320], [35, 320], [34, 320], [35, 320], [35, 320], [35, 320], [35, 320], [34, 320], [35, 320], [35, 320], [34, 320], [35, 320], [35, 320], [35, 320], [35, 320], [34, 320], [35, 320], [35, 320], [34, 320], [34, 320], [34, 320], [35, 320], [35, 320], [35, 320], [34, 320], [35, 320], [35, 320], [35, 320], [35, 320], [35, 320], [35, 320], [39, 306], [98, 259], [402, 253], [409, 259], [420, 267], [473, 317]]"
15,60,1000,500,dog,23.9,Medium,0.0,40.1070456,140.0,3000,7.45,,36,2025-05-25 23:56:38,"[[29, 321], [31, 321], [30, 321], [30, 321], [31, 321], [31, 321], [31, 321], [31, 321], [32, 321], [31, 321], [31, 321], [30, 321], [31, 321], [30, 321], [31, 321], [31, 321], [28, 322], [31, 321], [30, 321], [31, 321], [29, 321], [31, 321], [31, 319], [34, 311], [103, 252], [135, 237], [145, 233], [158, 227], [170, 223], [182, 218], [195, 216], [393, 253], [403, 259], [413, 266], [472, 316], [481, 326]]"
15,60,1000,500,dog,23.9,Medium,0.0,40.1070456,140.0,3000,7.3,,22,2025-05-25 23:57:18,"[[33, 320], [33, 320], [33, 320], [33, 320], [33, 320], [33, 320], [33, 320], [33, 320], [33, 320], [33, 320], [33, 320], [34, 318], [37, 310], [44, 300], [98, 262], [386, 256], [394, 264], [405, 272], [412, 278], [474, 339], [483, 334], [486, 327]]"
15,60,1000,500,dog,23.9,Medium,0.0,40.1070456,140.0,3000,7.3,,55,2025-05-26 00:20:30,"[[32, 320], [31, 319], [32, 319], [32, 319], [31, 319], [31, 320], [32, 319], [32, 320], [32, 320], [31, 319], [32, 319], [31, 319], [32, 319], [31, 317], [36, 306], [47, 296], [60, 285], [71, 276], [85, 267], [99, 259], [107, 252], [123, 244], [136, 239], [147, 234], [159, 228], [171, 223], [182, 218], [194, 215], [207, 213], [219, 210], [231, 209], [243, 209], [254, 208], [277, 210], [289, 212], [301, 214], [312, 217], [324, 220], [336, 224], [347, 229], [358, 234], [370, 241], [381, 247], [394, 255], [403, 262], [413, 269], [425, 279], [447, 298], [457, 310], [468, 319], [481, 332], [488, 343], [496, 341], [510, 322], [516, 313]]"
15,60,1000,500,dog,23.9,Medium,0.0,40.1070456,140.0,3000,7.4,,18,2025-05-26 00:21:14,"[[34, 321], [34, 321], [34, 321], [34, 321], [33, 321], [31, 321], [34, 321], [34, 321], [34, 321], [34, 321], [34, 321], [34, 321], [34, 321], [34, 322], [35, 317], [398, 251], [408, 259], [467, 314]]"
15,60,1000,500,dog,23.9,Medium,0.0,40.1070456,140.0,3000,7.4,,50,2025-05-26 00:21:40,"[[31, 320], [31, 321], [31, 320], [32, 321], [32, 321], [32, 320], [31, 321], [32, 321], [31, 320], [31, 321], [32, 321], [31, 321], [32, 320], [31, 321], [31, 321], [31, 321], [32, 321], [31, 320], [35, 313], [41, 302], [79, 269], [94, 259], [102, 252], [115, 243], [130, 236], [140, 231], [152, 224], [163, 219], [175, 214], [187, 210], [198, 208], [210, 205], [221, 203], [232, 202], [243, 201], [310, 208], [344, 219], [354, 224], [376, 236], [388, 245], [399, 253], [408, 259], [418, 268], [441, 287], [462, 310], [486, 334], [493, 346], [499, 341], [507, 330], [514, 321]]"
15,60,1000,500,dog,23.9,Medium,0.0,40.1070456,140.0,4000,4.45,,33,2025-05-26 00:25:40,"[[32, 322], [31, 322], [32, 322], [31, 322], [31, 322], [32, 322], [31, 322], [31, 322], [32, 322], [32, 322], [32, 322], [32, 322], [31, 322], [31, 322], [31, 322], [32, 322], [32, 322], [31, 322], [32, 322], [32, 322], [30, 321], [33, 317], [140, 210], [148, 209], [155, 209], [163, 209], [170, 208], [253, 243], [286, 278], [339, 319], [345, 311], [350, 302], [358, 295]]"
15,60,1000,500,dog,23.9,Medium,0.0,40.1070456,140.0,4000,4.1,,44,2025-05-26 00:27:36,"[[33, 323], [33, 322], [33, 323], [33, 323], [33, 322], [33, 322], [33, 322], [33, 322], [33, 323], [33, 323], [33, 323], [33, 323], [33, 321], [35, 315], [41, 305], [59, 272], [67, 262], [83, 246], [91, 239], [98, 233], [106, 227], [112, 222], [120, 217], [126, 214], [133, 210], [140, 208], [147, 207], [154, 206], [228, 230], [234, 235], [241, 242], [248, 250], [253, 257], [260, 266], [266, 274], [273, 285], [280, 297], [304, 341], [308, 341], [314, 331], [317, 324], [324, 313], [329, 304], [333, 298]]"
15,60,1000,500,dog,23.9,Medium,0.0,40.1070456,140.0,4000,4.1,,26,2025-05-26 00:28:09,"[[32, 323], [31, 323], [31, 323], [34, 324], [32, 323], [32, 324], [34, 324], [32, 323], [34, 324], [32, 324], [32, 323], [31, 323], [34, 324], [33, 324], [33, 324], [32, 323], [32, 325], [31, 323], [30, 323], [32, 323], [32, 323], [31, 323], [31, 323], [86, 247], [99, 235], [138, 208]]"
15,60,1000,500,dog,23.9,Medium,0.0,40.1070456,140.0,4000,4.1,,56,2025-05-26 00:28:50,"[[32, 322], [32, 322], [32, 323], [32, 322], [32, 323], [32, 322], [32, 323], [32, 323], [32, 323], [32, 323], [32, 323], [32, 323], [32, 322], [32, 320], [33, 313], [41, 301], [48, 290], [55, 278], [62, 269], [70, 260], [77, 251], [84, 243], [91, 236], [98, 229], [105, 222], [112, 217], [119, 212], [126, 208], [132, 204], [140, 201], [146, 198], [153, 197], [168, 194], [175, 196], [181, 196], [189, 198], [195, 201], [202, 203], [208, 207], [214, 211], [221, 216], [227, 220], [234, 226], [240, 233], [248, 241], [254, 248], [261, 256], [267, 265], [273, 274], [279, 284], [286, 295], [292, 304], [307, 329], [310, 339], [316, 340], [321, 330]]"
15,60,1000,500,dog,23.9,Medium,0.0,40.1070456,140.0,4000,4.2,,90,2025-05-26 00:29:22,"[[31, 323], [31, 323], [31, 323], [31, 323], [31, 323], [31, 323], [31, 323], [31, 323], [31, 323], [31, 323], [31, 323], [31, 323], [31, 323], [31, 322], [31, 323], [31, 323], [31, 323], [31, 323], [31, 323], [31, 323], [31, 323], [31, 323], [31, 323], [31, 323], [31, 323], [31, 323], [31, 323], [31, 323], [31, 323], [31, 323], [31, 323], [31, 323], [31, 323], [31, 323], [31, 323], [31, 323], [31, 323], [31, 323], [31, 323], [31, 323], [31, 323], [31, 323], [31, 323], [31, 323], [31, 323], [31, 323], [31, 323], [31, 323], [31, 323], [31, 323], [31, 323], [31, 323], [31, 323], [31, 323], [31, 318], [36, 307], [44, 296], [52, 285], [59, 275], [67, 265], [83, 248], [91, 241], [98, 236], [105, 228], [112, 223], [120, 218], [127, 214], [134, 210], [141, 207], [148, 204], [155, 203], [163, 202], [171, 202], [177, 202], [185, 203], [192, 204], [199, 205], [206, 208], [213, 211], [220, 215], [227, 219], [241, 230], [249, 238], [255, 243], [261, 250], [268, 259], [276, 267], [282, 276], [289, 286], [297, 297]]"
15,60,1000,500,dog,23.9,Medium,0.0,40.1070456,140.0,4000,4.1,,44,2025-05-26 00:29:57,"[[32, 323], [32, 323], [32, 323], [32, 323], [32, 323], [32, 323], [32, 323], [32, 323], [32, 323], [32, 323], [32, 323], [32, 323], [32, 322], [33, 317], [37, 308], [44, 295], [52, 284], [60, 275], [67, 265], [74, 257], [129, 206], [137, 202], [144, 200], [157, 198], [163, 197], [171, 198], [177, 199], [184, 201], [191, 203], [197, 205], [204, 209], [210, 213], [216, 217], [221, 222], [253, 252], [260, 260], [268, 270], [282, 291], [288, 301], [296, 314], [301, 326], [308, 339], [313, 343], [315, 335]]"
15,60,1000,500,dog,23.9,Medium,0.0,40.1070456,140.0,4000,4.15,,57,2025-05-26 00:31:10,"[[32, 322], [32, 322], [32, 322], [32, 322], [32, 322], [32, 322], [32, 323], [32, 322], [32, 322], [32, 322], [32, 322], [32, 322], [32, 322], [32, 322], [32, 322], [32, 322], [32, 322], [32, 322], [32, 322], [32, 320], [34, 313], [40, 301], [47, 289], [54, 277], [61, 268], [68, 258], [75, 249], [82, 241], [89, 233], [95, 225], [108, 213], [114, 208], [121, 203], [128, 199], [134, 196], [140, 193], [147, 191], [154, 189], [160, 188], [168, 187], [174, 187], [181, 188], [187, 190], [194, 192], [200, 196], [207, 199], [214, 203], [220, 208], [226, 214], [232, 220], [238, 227], [245, 235], [257, 249], [263, 260], [270, 270], [276, 280], [282, 290]]"
15,60,1000,500,dog,23.23,Medium,0.0,40.1070456,140.0,4000,4.1,,59,2025-05-26 00:42:33,"[[31, 323], [31, 323], [31, 323], [31, 323], [31, 323], [31, 323], [31, 323], [31, 323], [31, 323], [31, 323], [31, 323], [31, 323], [31, 323], [31, 323], [31, 323], [31, 323], [31, 323], [31, 323], [31, 322], [33, 316], [38, 305], [46, 294], [53, 281], [60, 272], [68, 263], [76, 254], [93, 240], [99, 234], [107, 227], [113, 222], [121, 217], [127, 213], [134, 210], [141, 207], [147, 203], [154, 202], [161, 202], [169, 202], [176, 203], [183, 204], [190, 205], [197, 206], [204, 209], [211, 213], [218, 216], [224, 221], [238, 233], [245, 239], [251, 246], [257, 252], [263, 262], [270, 270], [277, 280], [283, 289], [290, 299], [296, 311], [303, 322], [309, 335], [314, 344]]"
15,60,1000,500,dog,25.3,Medium,0.0,40.1070456,140.0,4000,4.3,,58,2025-05-26 02:15:24,"[[33, 321], [33, 321], [32, 322], [34, 321], [33, 322], [33, 321], [34, 321], [32, 321], [32, 322], [33, 321], [35, 321], [32, 322], [33, 322], [34, 321], [33, 322], [33, 321], [33, 322], [33, 321], [32, 322], [34, 321], [32, 320], [34, 315], [55, 280], [69, 262], [77, 254], [85, 246], [94, 239], [100, 232], [108, 226], [116, 221], [124, 217], [131, 213], [138, 210], [145, 207], [153, 206], [159, 205], [166, 204], [173, 205], [207, 211], [216, 212], [230, 221], [237, 227], [245, 234], [253, 243], [257, 246], [266, 255], [272, 265], [279, 274], [285, 283], [293, 294], [299, 303], [305, 315], [319, 341], [323, 343], [326, 333], [332, 323], [338, 314], [343, 304]]"
15,60,1000,500,dog,25.3,Medium,0.0,40.1070456,140.0,4000,4.4,,35,2025-05-26 02:16:10,"[[32, 322], [32, 322], [32, 322], [32, 322], [32, 322], [33, 322], [32, 322], [32, 322], [32, 322], [32, 322], [32, 322], [33, 322], [32, 322], [33, 322], [32, 322], [33, 322], [33, 322], [33, 322], [31, 322], [32, 322], [31, 322], [32, 320], [36, 314], [113, 225], [121, 221], [128, 217], [137, 213], [142, 211], [150, 209], [268, 250], [275, 260], [282, 268], [289, 277], [297, 288], [303, 299]]"
15,60,1000,500,dog,25.3,Medium,0.0,40.1070456,140.0,4000,4.4,,32,2025-05-26 02:16:31,"[[35, 321], [34, 321], [33, 321], [36, 320], [36, 320], [36, 320], [36, 320], [34, 321], [34, 321], [36, 320], [34, 321], [34, 321], [36, 320], [35, 321], [34, 321], [35, 320], [36, 320], [33, 321], [35, 320], [34, 321], [35, 320], [36, 320], [33, 321], [35, 320], [34, 321], [35, 320], [35, 319], [35, 313], [87, 247], [96, 244], [103, 238], [186, 211]]"
15,60,1000,500,dog,25.3,Medium,0.0,40.1070456,140.0,4000,4.4,,36,2025-05-26 02:16:58,"[[34, 321], [34, 321], [34, 321], [34, 321], [34, 321], [34, 321], [34, 321], [34, 321], [34, 321], [34, 321], [34, 321], [34, 321], [34, 321], [34, 321], [34, 321], [34, 321], [34, 321], [34, 321], [34, 321], [34, 321], [34, 321], [34, 321], [34, 321], [34, 321], [34, 321], [34, 321], [34, 320], [35, 315], [41, 305], [62, 273], [96, 245], [102, 240], [194, 211], [200, 214], [250, 246], [324, 337]]"
15,60,1000,500,dog,25.3,Medium,0.0,28.6478897,150.0,3000,8.55,,6,2025-05-26 02:34:50,"[[33, 321], [484, 255], [496, 265], [518, 282], [528, 293], [536, 303]]"
15,60,1000,500,dog,25.1,Medium,0.0,28.6478897,150.0,3000,8.65,,59,2025-05-26 02:35:54,"[[31, 321], [30, 321], [30, 321], [31, 322], [30, 321], [31, 321], [31, 321], [32, 321], [31, 321], [31, 322], [31, 321], [31, 321], [30, 322], [30, 321], [30, 321], [31, 321], [31, 322], [30, 321], [31, 321], [31, 322], [31, 321], [31, 322], [30, 321], [31, 321], [31, 322], [31, 321], [31, 321], [30, 321], [32, 321], [30, 320], [33, 314], [41, 302], [54, 289], [82, 268], [98, 257], [123, 241], [137, 234], [151, 225], [164, 219], [191, 208], [205, 203], [217, 199], [231, 196], [243, 194], [296, 189], [309, 189], [321, 189], [334, 191], [346, 193], [371, 201], [383, 205], [454, 243], [480, 262], [488, 268], [500, 278], [522, 300], [544, 324], [554, 335], [556, 343]]"
15,60,1000,500,dog,25.1,Medium,0.0,28.6478897,150.0,3000,8.65,,60,2025-05-26 02:36:27,"[[31, 321], [31, 321], [31, 321], [31, 321], [31, 321], [31, 321], [31, 321], [31, 321], [31, 321], [31, 321], [31, 321], [31, 321], [31, 321], [31, 321], [31, 321], [31, 321], [31, 321], [31, 321], [31, 321], [31, 321], [31, 321], [32, 321], [31, 321], [32, 321], [32, 321], [31, 321], [31, 321], [31, 321], [31, 320], [33, 314], [40, 302], [53, 290], [67, 279], [81, 268], [97, 258], [105, 251], [136, 234], [148, 227], [162, 220], [175, 215], [188, 209], [201, 205], [215, 202], [228, 198], [241, 196], [253, 195], [267, 194], [280, 194], [293, 193], [305, 194], [318, 194], [356, 203], [368, 206], [380, 211], [392, 216], [404, 221], [475, 266], [533, 317], [540, 327], [553, 339]]"
15,60,1000,500,dog,25.1,Medium,0.0,28.6478897,150.0,3000,8.6,,26,2025-05-26 02:37:06,"[[32, 322], [32, 322], [32, 322], [32, 322], [32, 321], [32, 322], [32, 321], [32, 321], [32, 322], [32, 322], [32, 322], [32, 322], [32, 322], [32, 321], [32, 322], [32, 322], [32, 322], [32, 322], [32, 322], [32, 321], [31, 320], [35, 312], [41, 301], [99, 256], [137, 235], [551, 334]]"
15,60,1000,500,dog,25.1,Medium,0.0,28.6478897,150.0,3000,8.6,,21,2025-05-26 02:37:38,"[[29, 323], [29, 322], [28, 322], [29, 322], [29, 322], [28, 322], [29, 322], [29, 322], [29, 322], [29, 322], [291, 177], [479, 259], [489, 268], [532, 313], [538, 323], [551, 337], [558, 345], [569, 323], [575, 312], [580, 304], [587, 296]]"
15,60,1000,500,dog,25.1,Medium,0.0,28.6478897,150.0,3000,8.6,,13,2025-05-26 02:38:13,"[[32, 322], [32, 322], [31, 322], [31, 323], [32, 323], [32, 322], [32, 322], [32, 322], [32, 323], [32, 322], [29, 322], [32, 321], [490, 269]]"
15,60,1000,500,dog,25.1,Medium,0.0,28.6478897,150.0,3000,8.6,,26,2025-05-26 02:38:51,"[[29, 323], [29, 322], [29, 322], [29, 322], [29, 321], [29, 322], [29, 322], [29, 322], [29, 322], [29, 322], [29, 322], [29, 322], [29, 322], [29, 322], [29, 322], [29, 322], [29, 322], [29, 322], [29, 322], [29, 322], [29, 322], [29, 322], [29, 322], [29, 322], [95, 262], [105, 252]]"
15,60,1000,500,dog,25.1,Medium,0.0,28.6478897,150.0,3000,8.4,,34,2025-05-26 02:39:42,"[[34, 321], [34, 321], [34, 321], [33, 321], [33, 321], [34, 321], [33, 321], [33, 321], [34, 321], [33, 321], [34, 321], [34, 321], [34, 321], [33, 321], [34, 320], [33, 321], [34, 320], [33, 321], [33, 321], [33, 321], [34, 321], [33, 321], [33, 321], [33, 321], [34, 321], [33, 319], [35, 312], [43, 301], [57, 289], [98, 259], [110, 252], [138, 239], [539, 327], [553, 341]]"
15,60,1000,500,dog,25.1,Medium,0.0,28.6478897,150.0,3000,8.3,,39,2025-05-26 02:40:17,"[[33, 321], [33, 321], [33, 321], [33, 321], [33, 321], [33, 321], [33, 321], [33, 321], [33, 321], [33, 320], [33, 321], [33, 321], [33, 321], [33, 321], [33, 321], [33, 321], [33, 320], [34, 315], [39, 305], [51, 293], [66, 283], [79, 273], [97, 263], [106, 257], [121, 249], [137, 242], [148, 237], [242, 206], [256, 206], [269, 205], [296, 206], [308, 207], [348, 214], [360, 218], [410, 240], [521, 318], [527, 328], [540, 339], [549, 341]]"
15,60,1000,500,dog,25.1,Medium,0.0,28.6478897,150.0,3000,8.15,,22,2025-05-26 02:41:16,"[[28, 322], [28, 322], [28, 323], [104, 250], [114, 244], [130, 237], [141, 230], [153, 223], [167, 218], [180, 213], [193, 208], [205, 204], [218, 202], [230, 199], [243, 197], [255, 196], [268, 197], [281, 196], [293, 197], [305, 197], [316, 200], [537, 346]]"
15,60,1000,500,dog,25.1,Medium,0.0,28.6478897,150.0,3000,8.15,,42,2025-05-26 02:41:51,"[[33, 321], [33, 321], [33, 321], [33, 321], [33, 321], [33, 321], [33, 321], [33, 321], [34, 321], [33, 321], [33, 321], [33, 321], [33, 321], [33, 321], [34, 321], [33, 321], [33, 321], [33, 321], [33, 321], [33, 321], [33, 321], [33, 321], [33, 321], [33, 321], [33, 321], [33, 321], [34, 321], [33, 321], [34, 321], [33, 321], [33, 317], [37, 309], [60, 285], [99, 254], [111, 247], [137, 234], [227, 199], [240, 196], [509, 306], [515, 314], [527, 328], [537, 341]]"
15,60,1000,500,dog,25.1,Medium,0.0,28.6478897,150.0,3000,8.1,,40,2025-05-26 02:43:01,"[[29, 322], [28, 322], [28, 322], [28, 322], [28, 322], [29, 322], [28, 323], [29, 322], [29, 322], [28, 322], [28, 323], [28, 323], [29, 322], [28, 322], [29, 322], [28, 322], [102, 251], [110, 244], [124, 236], [212, 196], [225, 194], [237, 192], [249, 191], [262, 191], [274, 191], [286, 191], [299, 192], [310, 193], [322, 195], [369, 212], [380, 218], [414, 239], [424, 245], [436, 254], [446, 263], [458, 272], [500, 314], [514, 328], [521, 339], [531, 343]]"
15,60,1000,500,dog,24.2,Medium,0.0,28.6478897,150.0,3000,7.8,,94,2025-05-26 02:45:18,"[[32, 321], [32, 321], [32, 321], [32, 321], [32, 321], [32, 321], [32, 321], [32, 321], [32, 321], [32, 321], [32, 321], [32, 321], [32, 321], [32, 321], [32, 321], [32, 321], [32, 321], [32, 321], [32, 321], [32, 321], [32, 321], [32, 321], [32, 321], [32, 321], [32, 321], [32, 321], [32, 321], [32, 321], [32, 321], [32, 321], [32, 321], [32, 321], [32, 321], [32, 321], [32, 321], [32, 321], [32, 321], [32, 321], [32, 321], [32, 321], [32, 321], [32, 321], [32, 321], [32, 321], [32, 321], [32, 321], [32, 321], [32, 321], [32, 321], [32, 321], [32, 322], [32, 321], [32, 321], [32, 321], [32, 321], [32, 321], [32, 319], [34, 312], [43, 302], [68, 279], [82, 270], [97, 260], [106, 254], [122, 246], [136, 240], [145, 236], [224, 207], [237, 204], [249, 203], [263, 203], [275, 204], [288, 204], [300, 206], [313, 208], [325, 211], [338, 214], [351, 218], [363, 223], [375, 228], [387, 235], [400, 241], [411, 249], [424, 255], [436, 263], [472, 291], [498, 313], [510, 324], [518, 335], [532, 349], [540, 342], [548, 332], [555, 322], [563, 313], [568, 303]]"
15,60,1000,500,dog,24.2,Medium,0.0,28.6478897,150.0,3000,7.85,,63,2025-05-26 02:46:07,"[[32, 321], [32, 320], [31, 321], [31, 321], [32, 320], [32, 321], [32, 320], [32, 321], [32, 320], [32, 321], [32, 320], [32, 320], [32, 320], [32, 320], [32, 320], [32, 320], [32, 320], [32, 321], [32, 321], [32, 321], [32, 320], [32, 320], [32, 320], [32, 321], [32, 320], [32, 321], [32, 320], [32, 321], [32, 320], [32, 320], [32, 320], [32, 320], [32, 321], [32, 320], [32, 321], [32, 320], [32, 321], [32, 320], [32, 320], [32, 321], [32, 320], [32, 320], [32, 320], [32, 320], [32, 320], [32, 318], [42, 300], [56, 288], [83, 269], [98, 259], [108, 251], [123, 244], [137, 238], [149, 233], [274, 204], [394, 240], [407, 247], [415, 252], [440, 268], [512, 333], [519, 343], [535, 329], [542, 320]]"
15,60,1000,500,dog,24.2,Medium,0.0,28.6478897,150.0,3000,7.8,,13,2025-05-26 02:46:57,"[[28, 322], [28, 323], [28, 322], [28, 323], [28, 323], [100, 251], [392, 240], [405, 248], [412, 251], [424, 259], [492, 317], [502, 330], [513, 341]]"
